Cod_Pai,Assunto_Descricao
3547,"""Lavagem"" ou Ocultação de Bens Direitos ou Valores Oriundos de Corrupção"
5872,"""Lavagem"" ou Ocultação de Bens Direitos ou Valores Oriundos de Corrupção"
5873,"""Lavagem"" ou Ocultação de Bens Direitos ou Valores Oriundos de Corrupção"
6048,1/3 de férias
7784,Abandono
3547,Abandono de função
3388,Abandono de incapaz
3473,Abandono Intelectual
3473,Abandono Material
6220,Abatimento proporcional do preço
10612,Abolitio Criminis
6138,Abono da Lei 8.178/91
10288,Abono de Permanência
6094,Abono de Permanência em Serviço (Art. 87)
10288,Abono Pecuniário (Art. 78 Lei 8.112/1990)
3369,Aborto
10915,Aborto provocado pela gestante ou com o seu consentimento
10915,Aborto provocado por terceiro
10915,Aborto qualificado
3415,Abuso de Incapazes
1209,Ação Penal
10455,Acessão
4862,Acidente Aéreo
10439,Acidente de Trabalho - Ressarcimento ao Erário
9992,Acidente de Trânsito
10433,Acidente de Trânsito
10439,Acidente de Trânsito
10502,Acidente de Trânsito
7784,Acidentes da Navegação
10258,Acompanhamento de Cônjuge ou Companheiro
10146,Acordo de Exclusividade
10220,Acumulação de Cargos
10288,Acumulação de Proventos
10288,Adicional de Fronteira
10288,Adicional de Horas Extras
10288,Adicional de Insalubridade
10288,Adicional de Periculosidade
10288,Adicional de Produtividade
10288,Adicional de Serviço Noturno
6071,Adicional de Tarifa Aeroportuária
10288,Adicional por Tempo de Serviço
10325,Adidos Agregados e Adjuntos
7681,Adimplemento e Extinção
10385,Adjudicação
6197,Admissão / Entrada / Permanência / Saída
10409,Admissão / Permanência / Despedida
3523,Adulteração de Sinal Identificador de Veículo Automotor
3523,Adulteração de Sinal Identificador de Veículo Automotor por Funcionário Público
10279,Advertência
10363,Advertência / Repreensão
3547,Advocacia administrativa
10187,Afastamento
10194,Afastamento
10201,Afastamento do Cargo
10213,Afastamento do Cargo
6071,AFRMM/Adicional ao Frete para Renovação da Marinha Mercante
5621,Agenciamento
10136,Agências/órgãos de regulação
9580,Agêncie e Distribuição
9985,Agentes Políticos
10337,Agregação
3618,Agrotóxicos
10110,Agrotóxicos
10089,Águas Públicas
6071,AITP/Adicional de Indenização do Trabalhador Portuário Avulso
3445,Aliciamento de trabalhadores de um local para outro do território nacional
3445,Aliciamento para fins de emigração
10097,Alienação
9580,Alienação Fiduciária
3415,Alienação ou Oneração Fraudulenta de Coisa Própria
9986,Alimentação
5986,Alíquota
6012,Alíquota Progressiva
6012,Alíquota Zero
10258,Alistamento / Serviço Eleitoral
3415,Alteração de limites
3415,Alteração de local especialmente protegido
6120,Alteração do coeficiente de cálculo de pensão
6120,Alteração do coeficiente de cálculo do benefício
6120,Alteração do teto máximo para o valor do benefício previdenciário do RGPS (EC 20 e 41)
7783,Aluguel de Embarcações (Fretamento E Carta Partida)
10258,Amamentação
10395,Ambiental
3400,Ameaça
5986,Anistia
10622,Anistia
10220,Anistia Administrativa
9986,Anistia Política
10325,Anistia Política
8960,Antecipação de Tutela / Tutela Específica
10166,Anuidades OAB
4949,Anulação
10370,Anulação
10421,Anulação
5986,Anulação de Débito Fiscal
10370,Anulação e Correção de Provas / Questões
10620,Aplicação da Pena
6138,Aplicação de coeficiente de cálculo diverso do fixado na Lei n.º 8.213/91
10182,Apólices da Dívida Pública
3520,Apologia de Crime ou Criminoso
10187,Aposentadoria
10194,Aposentadoria
10219,Aposentadoria
10198,Aposentadoria Compulsória
6094,Aposentadoria Especial (Art. 57/8)
6094,Aposentadoria por Idade (Art. 48/51)
6094,Aposentadoria por Invalidez
6094,Aposentadoria por Invalidez Acidentária
6094,Aposentadoria por Tempo de Contribuição (Art. 55/6)
6094,Aposentadoria por Tempo de Serviço (Art. 52/4)
6048,Aposentadoria/Retorno aoTrabalho
10022,Apreensão
3415,Apropriação de Coisa Achada
3415,Apropriação de Coisa Havida por Erro Caso Fortuito ou Força da Natureza
3415,Apropriação de Tesouro
3415,Apropriação indébita
3415,Apropriação indébita Previdenciária
6192,Aquisição
10444,Aquisição
10448,Aquisição
5973,Aquisição de combustíveis
5973,Aquisição de passagens e moedas - Viagem Exterior
5973,Aquisição de veículos automotores
10110,Área de Preservação Permanente
10546,Arquivamento Administrativo - Crédito de Pequeno Valor
7691,Arras ou Sinal
5874,Arrebatamento de preso
3491,Arremesso de projétil
9580,Arrendamento Mercantil
9580,Arrendamento Rural
7784,Arresto de Embarcação
6018,Arrolamento de Bens
6120,Art. 26 da Lei 8.870/1994
6120,Art. 29 § 5º da Lei 8.213/1991
6120,Art. 29 II da Lei 8.213/1991
6138,Art. 58 ADCT da CF/88
6138,Art. 144 da Lei 8.213/91 e/ou diferenças decorrentes
6197,Asilo
3463,Assédio Sexual
7617,Assinatura Básica Mensal
7784,Assistência / Salvamento
10288,Assistência à Saúde
8842,Assistência Judiciária Gratuita
10337,Assistência Médico-Hospitalar
10288,Assistência Pré-escolar
9986,Assistência Social
3607,Associação para a Produção e Tráfico e Condutas Afins
7688,Assunção de Dívida
5875,Assunção de Obrigação no Último Ano do Mandato ou Legislatura
3463,Atentado ao Pudor Mediante Fraude
3445,Atentado contra a liberdade de associação
3445,Atentado contra a liberdade de contrato de trabalho e boicotagem violenta
3445,Atentado contra a liberdade de trabalho
3491,Atentado contra a segurança de serviços de utilidade pública
3491,Atentado contra a segurança de transporte público
3463,Atentado Violento ao Pudor
6160,Atividade concomitante
10258,Atividade Política
3618,Atividades Nucleares
9148,Ato Atentatório à Dignidade da Justiça
9997,Ato Lesivo ao Patrimônio Artístico Estético Histórico ou Turístico
9997,Ato Normativo
9985,Atos Administrativos
10146,Atos de Concentração
12217,Atos de Terrorismo
11781,Atos executórios
8826,Atos Processuais
7681,Atos Unilaterais
6071,ATP/Adicional de Tarifa Portuária
4862,Atraso de vôo
10158,Atualização de Conta
10163,Atualização de Conta
5875,Aumento de Despesa com Pessoal no Último Ano do Mandato ou Legislatura
4264,Ausência de Fundamentação
8942,Ausência de Interesse Processual
10736,Ausência de Legitimidade para a Causa
10736,Ausência de Legitimidade para propositura de Ação Civil Pública
8942,Ausência de Pressupostos de Constituição e Desenvolvimento
4264,Ausência de Publicidade
5874,Auto-acusação falsa
6021,Autorização para Impressão de Documentos Fiscais - AIDF
6203,Auxílio Direto
6094,Auxílio-Acidente (Art. 86)
6048,Auxílio-Alimentação
10288,Auxílio-Alimentação
6094,Auxílio-Doença Acidentário
6094,Auxílio-Doença Previdenciário
10288,Auxílio-Funeral
10337,Auxílio-invalidez
10288,Auxílio-Natalidade
10288,Auxílio-Reclusão
6094,Auxílio-Reclusão (Art. 80)
10288,Auxílio-transporte
7784,Avaria
10276,Averbação / Contagem de Tempo Especial
10276,Averbação / Contagem Recíproca
6181,Averbação/Cômputo de tempo de serviço de empregado doméstico
6181,Averbação/Cômputo de tempo de serviço de segurado especial (regime de economia familiar)
6181,Averbação/Cômputo de tempo de serviço rural (empregado/empregador)
6181,Averbação/Cômputo de tempo de serviço urbano
6181,Averbação/Cômputo do tempo de serviço como aluno aprendiz
6181,Averbação/Cômputo do tempo de serviço militar
6181,Averbação/Cômputo/Conversão de tempo de serviço especial
7771,Bancários
5986,Base de Cálculo
5626,Bem de Família
6094,Benefício Assistencial (Art. 203V CF/88)
9148,Benefício de Ordem
6120,Benefício mínimo a partir da CF/88 (art. 201 § 2º CF/88)
195,Benefícios em Espécie
9593,Benfeitorias
10088,Bens Públicos
3477,Bigamia
10089,Bloqueio de Valores de Contas Públicas
12467,Boate Kiss
12467,Brumadinho
10670,Busca e Apreensão
10912,Busca e Apreensão de Bens
9045,Cabimento
3618,Caça
6021,Cadastro de Inadimplentes - CADIN
12485,Cadeira de rodas / cadeira de banho / cama hospitalar
6008,"Cálculo de ICMS ""por dentro"""
6120,Cálculo do Benefício de acordo com a Sistemática anterior à Lei 9.876/99
6120,Cálculo do benefício de segurado especial de acordo com a Lei 9.876/99
6120,Cálculo do fator previdenciário - Lei 9.876/99
3394,Calúnia
9580,Câmbio
6192,Cancelamento de Naturalização
4862,Cancelamento de vôo
8842,Capacidade Processual
5978,Capacidade Tributária
7699,Capitalização / Anatocismo
7771,Capitalização e Previdência Privada
6048,Cargo em Comissão
11920,Cargos de Direção
5987,Carta de fiança
7771,Cartão de Crédito
9580,Cartão de Crédito
10146,Cartel
3463,Casa de Prostituição
10258,Casamento
9192,Caução
9148,Causas Supervenientes à Sentença
7717,Cédula de Crédito à Exportação
7717,Cédula de Crédito Bancário
7717,Cédula de Crédito Comercial
7717,Cédula de Crédito Industrial
7717,Cédula de Crédito Rural
7717,Cédula de Produto Rural
7717,Cédula Hipotecária
4264,Cerceamento de Defesa
10604,Cerceamento de Defesa
6181,Certidão de Tempo de Serviço
3523,Certidão ou atestado ideologicamente falso
5999,Certificado de Regularidade - FGTS
7688,Cessão de Crédito
10394,Cessão de créditos não-tributários
3491,Charlatanismo
7717,Cheque
12491,Cirurgia
8893,Citação
11781,Citação
7784,Clandestinos
10370,Classificação e/ou Preterição
9964,Classificação indicativa
7691,Cláusula Penal
1156,Cláusulas Abusivas
3618,Clonagem Humana
5986,CND/Certidão Negativa de Débito
10417,CNH - Carteira Nacional de Habilitação
5978,CNPJ/Cadastro Nacional de Pessoas Jurídicas
5874,Coação no curso do processo
7617,Cobrança indevida de ligações
6033,Cofins
6033,COFINS - Importação
899,Coisas
3607,Colaboração com Grupo Organização ou Associação Destinados à Produção ou Tráfico de Drogas
10029,Colação de Grau
10029,Colisão de Horário
1156,Combustíveis e derivados
7771,Combustíveis e derivados
9998,Comercialização e/ou Utilização sem Restrições de Medicamentos
9998,Comercialização sem Restrições de Gêneros Alimentícios
9998,Comercialização sem Restrições de Produtos Industrializados
11802,Comércio Ambulante
9580,Comissão
9985,Comissão Parlamentar de Inquérito - CPI
9580,Comodato
5990,Compensação
7690,Compensação
5990,Compensação com Apólices da Dívida Pública
6036,Compensação de Prejuízo
5933,Compensação de Prejuízos
8828,Competência
8829,Competência da Justiça Federal
10604,Competência do MP
8829,Competência dos Juizados Especiais
8829,Competência por Prerrogativa de Função
5913,Competência Tributária
10288,Complementação de Benefício/Ferroviário
11911,Composição de Turmas Recursais
9580,Compra e Venda
9580,Compromisso
10254,Compulsória
5874,Comunicação falsa de crime ou de contravenção
9986,Comunicação Social
6173,Concessão
10250,Concessão
10359,Concessão
10028,Concessão / Permissão / Autorização
6192,Concessão de Naturalização
9148,Concurso de Credores
10370,Concurso para magistrado
10370,Concurso para servidor
9985,Concurso Público / Edital
3547,Concussão
3547,Condescendência criminosa
4271,Condicional do processo
10370,Condições Especiais para Prestação de Prova
10448,Condomínio
10448,Condomínio em Edifício
3607,Condução de Embarcação ou Aeronave sob Efeito de Drogas
10432,Conflito fundiário coletivo rural
10432,Conflito fundiário coletivo urbano
7690,Confusão
3477,Conhecimento Prévio de Impedimento
11803,Conselho da Comunidade
11803,Conselho de Direitos da Criança e Adolescente
11803,Conselho do Idoso
11803,Conselho sobre Drogas
9985,CONSELHOS
10157,Conselhos Regionais de Fiscalização Profissional e Afins
6044,Conselhos Regionais e Afins (Anuidade)
9964,Conselhos tutelares
7771,Consórcio
5992,Constitucionalidade do artigo 4º da LC 118/05
5993,Constitucionalidade do artigo 45 da Lei 8212/91
5992,Constitucionalidade do artigo 46 da Lei 8212/91
9580,Constituição de Renda
3400,Constrangimento ilegal
6033,Construção Civil
12491,Consulta
6181,Contagem Recíproca de Tempo de Serviço
5872,Contrabando ou descaminho
5875,Contratação de Operação de Crédito
10409,Contrato Temporário de Mão de Obra L 8.745/1993
9985,Contratos Administrativos
9580,Contratos Bancários
1156,Contratos de Consumo
6191,Contratos Internacionais
287,Contravenções Penais
6048,Contribuição de Autônomos Empresários (Pró-labore) e Facultativos
6071,Contribuição de Iluminação Pública
6071,Contribuição de Intervenção no Domínio Econômico (CIDE)
6033,Contribuição INCRA
6044,Contribuição Sindical
10403,Contribuição Sindical
6044,Contribuição Sindical Rural
6048,Contribuição sobre a folha de salários
6071,Contribuição sobre Açúcar e Álcool
6071,Contribuição sobre licença de uso ou transferência de tecnologia
6048,Contribuição sobre Nota Fiscal de Execução de Serviços
6120,Contribuição sobre vinte salários mínimos
6033,Contribuição Social sobre o Lucro Líquido
14,Contribuições
6031,Contribuições Corporativas
6031,Contribuições de Melhoria
6031,Contribuições Especiais
6044,Contribuições para o SEBRAE SESC SENAC SENAI e outros
6031,Contribuições Previdenciárias
6031,Contribuições Sociais
10136,Controle de Abastecimento
10136,Controle de Preços
9985,Controle Externo da atividade policial
10064,Controle Social e Conselhos de Saúde
12511,Controle Social e Conselhos de Saúde
10385,Convênio
10064,Convênio Médico com o SUS
12511,Convênio médico com o SUS
6173,Conversão
6191,Cooperação Internacional
5933,Cooperativa
10174,Cooperativas de Crédito
10325,Corpo Feminino
5917,Correção da Tabela
7691,Correção Monetária
9149,Correção Monetária
6138,Correção Monetária de Benefício pago com atraso
10313,Correção Monetária de Diferenças Pagas em Atraso
6138,Correção Monetária pela Súmula 71 TFR
9580,Corretagem
5621,Corretagem de Embarcação
5872,Corrupção ativa
5873,Corrupção Ativa em Transação Comercial Internacional
3463,Corrupção de Menores
3491,Corrupção ou Poluição de Água Potável
3547,Corrupção passiva
5875,Corrupção Praticada por Prefeitos e Vereadores
5978,CPF/Cadastro de Pessoas Físicas
6071,CPMF/Contribuição Provisória sobre Movimentação Financeira
5986,Creditamento
5986,Crédito Prêmio
5986,Crédito Presumido
9580,Crédito Rural
10954,Crédito Suplementar
14,Crédito Tributário
7783,Créditos / Privilégios Marítimos
10412,Criação / Instalação / Prosseguimento / Encerramento
10954,Criação de Dotação Orçamentária
10029,Criação e/ou Autorização para funcionamento de Curso Superior
287,Crime / Contravenção contra Criança / Adolescente
287,Crime / Contravenção contra Idoso
3618,Crime contra a administração ambiental
3603,Crime Contra a Administração da Justiça - Lei da Ação de Alimentos
3472,Crime contra o Pátrio-Poder e Tutela
287,Crime Culposo
3523,Crime de Desvio e/ou Circulação de Moeda Não Autorizada
3523,Crime de Moeda Falsa Praticado por Funcionário Público
3603,Crime de Quebra de Sigilo Financeiro
287,Crime Tentado
287,Crime/contravenção decorrente de conflito fundiário coletivo
3603,Crimes Agrários
287,Crimes cometidos contra autoridade ou agente descrito nos arts. 142 e 143 da Constituição Federal integrantes do sistema prisional e da Força Nacional de Segurança Pública
3438,Crimes Cometidos por Meio de Marca Título de Estabelecimento e Sinal de Propaganda
287,Crimes Contra a Administração da Justiça
3472,Crimes Contra a Assistência Familiar
287,Crimes contra a Dignidade Sexual
3603,Crimes contra a Economia Popular
287,Crimes contra a Família
3618,Crimes contra a Fauna
287,Crimes contra a Fé Pública
3618,Crimes contra a Flora
287,Crimes contra a Honra
287,Crimes contra a Incolumidade Pública
287,Crimes contra a inviolabilidade de correspondência
287,Crimes contra a inviolabilidade de domicílio
287,Crimes contra a inviolabilidade de segredo
287,Crimes contra a liberdade pessoal
3603,Crimes contra a Ordem Econômica
3603,Crimes contra a Ordem Tributária
3603,Crimes contra a Ordem Tributária praticado por Funcionário Público
287,Crimes contra a Organização do Trabalho
287,Crimes contra a Paz Pública
3603,Crimes contra a Propriedade Industrial
287,Crimes contra a Propriedade Intelectual
3603,Crimes contra a Segurança Nacional a Ordem Política e Social
287,Crimes contra a vida
287,Crimes Contra as Finanças Públicas
3438,Crimes contra as Marcas
3603,Crimes contra as Relações de Consumo
3603,Crimes contra as Telecomunicações
3438,Crimes contra Indicações Geeográficas e Demais Indicações
3472,Crimes contra o Casamento
3472,Crimes Contra o Estado de Filiação
3603,Crimes contra o Meio Ambiente e o Patrimônio Genético
3603,Crimes contra o mercado de capitais
3618,Crimes contra o Ordenamento Urbano e o Patrimônio Cultural
287,Crimes contra o Patrimônio
287,Crimes contra o sentimento religioso e contra o respeito aos mortos
3603,Crimes contra o Serviço Postal e o Serviço de Telegrama
3603,Crimes contra o Sistema Financeiro Nacional
3438,Crimes contra os Desenhos Industriais
3438,Crimes contra Patente de Invenção
3603,Crimes da Lei de licitações
3603,Crimes da Lei de remoção de órgãos e tecidos
3603,"Crimes de ""Lavagem"" ou Ocultação de Bens Direitos ou Valores"
3603,Crimes de Abuso de Autoridade
3438,Crimes de Concorrência Desleal
3603,Crimes de genocídio
3603,Crimes de Imprensa
3603,Crimes de Responsabilidade
3603,Crimes de Tortura
3603,Crimes de Tráfico Ilícito e Uso Indevido de Drogas
3603,Crimes de Trânsito
3603,Crimes do Código Brasileiro de Telecomunicações
3603,Crimes do Sistema Nacional de Armas
3603,Crimes Falimentares
10635,Crimes Hediondos
3603,Crimes Militares
12333,Crimes ocorridos na investigação da prova
3603,Crimes praticados contra os índios e a cultura indígena
287,Crimes Praticados por Funcionários Públicos Contra a Administração em Geral
287,Crimes Praticados por Particular Contra a Administração em Geral
287,Crimes Praticados por Particular Contra a Administração Pública Estrangeira
287,Crimes Previstos na Legislação Extravagante
287,Crimes previstos na Lei da Organização Criminosa
3603,Crimes Previstos na Lei de Estrangeiros
3603,Crimes Previstos no Estatuto da criança e do adolescente
3603,Crimes Previstos no Estatuto do Idoso
3603,Crimes relacionados à Comissão Parlamentar de Inquérito
3603,Crimes Resultante de Preconceito de Raça ou de Cor
10154,Cruzados Novos / Bloqueio
9148,Cumprimento Provisório de Sentença
6173,Cumulação
3491,Curandeirismo
12485,Curativos/Bandagem
10029,Currículo Escolar
10325,Curso de Formação
10370,Curso de Formação
8874,Custas
6048,Custeio de Assistência Médica
3618,Da Poluição
7690,Dação em Pagamento
3415,Dano
10431,Dano Ambiental
10011,Dano ao Erário
3415,Dano em coisa de valor artístico arqueológico ou histórico
3415,Dano Qualificado
10288,Data Base
6173,Data de Início de Benefício (DIB)
7717,Debêntures
5990,Decadência
6160,Decadência/Prescrição
6160,Declaração de Ausência
9998,Declaração de Bagagem
9998,Declaração de Trânsito Aduaneiro
5992,Decretação de Ofício
10028,Defensoria Pública
6114,Deficiente
3415,Defraudação de Penhor
10102,Demarcação
10279,Demissão ou Exoneração
5933,Demonstrações Financeiras (DCTF)
6160,Demonstrativo das importâncias pagas
4305,Denegação
5986,Denúncia espontânea
1209,Denúncia/Queixa
5874,Denunciação caluniosa
8990,Depoimento
9580,Depósito
5987,Depósito Judicial
6018,Depósito Prévio ao Recurso Administrativo
3491,Desabamento ou desmoronamento
3491,Desabamento ou desmoronamento culposo
5872,Desacato
4291,Desaforamento
10120,Desapropriação
10120,Desapropriação de Imóvel Urbano
10120,Desapropriação Indireta
10120,Desapropriação por Interesse Social Comum / L 4.132/1962
10120,Desapropriação por Interesse Social para Reforma Agrária
10120,Desapropriação por Utilidade Pública / DL 3.365/1941
3491,Desastre ferroviário / Perigo de Desastre Ferroviário
3491,Desastre ferroviário culposo
4368,Desclassificação
6138,Desconto do DL 1.910/81
7690,Desconto em folha de pagamento
6138,Descontos dos benefícios
10288,Descontos Indevidos
12335,Descumprimento de determinação de sigilo
10140,Desembaraço Aduaneiro
4654,Desenho Industrial
4305,Deserção
5872,Desobediência
5874,Desobediência a decisão judicial sobre perda ou suspensão de direitos
10547,Despacho de Citação
9593,Despejo para Uso de Ascendentes e Descendentes
9593,Despejo para Uso Próprio
9593,Despejo por Denúncia Vazia
3457,Destruição / Subração / Ocultação de Cadáver
1156,Dever de Informação
6048,Devolução de contribuições previdenciárias pagas além do teto
12491,Diálise/Hemodiálise
10288,Diárias e Outras Indenizações
3394,Difamação
3491,Difusão de doença ou praga
10403,Dilação e Extensão de Base Territorial
11781,Diligências
5978,DIMOB/Declaração de Informações sobre Atividades Imobilíárias
10029,Diplomas/Certificado de Conclusão do Curso
,DIREITO ADMINISTRATIVO E OUTRAS MATÉRIAS DE DIREITO PÚBLICO
4654,Direito Autoral
,DIREITO CIVIL
,DIREITO DA CRIANÇA E DO ADOLESCENTE
,DIREITO DA SAÚDE
10220,Direito de Greve
10433,Direito de Imagem
10439,Direito de Imagem
10120,Direito de Preempção
9593,Direito de Preferência
,DIREITO DO CONSUMIDOR
,DIREITO INTERNACIONAL
,DIREITO MARÍTIMO
,DIREITO PENAL
,DIREITO PREVIDENCIÁRIO
,DIREITO PROCESSUAL CIVIL E DO TRABALHO
,DIREITO PROCESSUAL PENAL
,DIREITO TRIBUTÁRIO
10488,Direitos e Títulos de Crédito
9986,Direitos Indígenas
10258,Dirigente Sindical
14,Discriminação Tributária MERCOSUL
10220,Disponibilidade / Aproveitamento
3415,Disposição de coisa alheia como própria
195,Disposições Diversas Relativas às Prestações
14,Dívida Ativa
9985,Dívida Ativa não-tributária
9985,Dívida Pública Mobiliária
3412,Divulgação de segredo
8883,Do Juiz
9580,Doação
10258,Doação de Sangue
12480,Doação e transplante de órgãos tecidos ou partes
10064,"Doação e Transplante de Órgãos, Tecidos e Partes do Corpo Humano"
10258,Doença em Pessoa da Família
9985,Domínio Público
8883,Dos Auxiliares da Justiça
5941,Drawback
7717,Duplicata
3415,Duplicata Simulada
9580,Edição
10385,Edital
10051,Educação Pré-escolar
10051,Educação Profissionalizante
9148,Efeito Suspensivo / Impugnação / Embargos à Execução
10620,Efeitos da Condenação
10187,Eleição
10166,Eleições
10403,Eleições Sindicais
12501,Eletiva
3523,Emissão de título ao portador sem permissão legal
3415,"Emissão Irregular de Conhecimento de Depósito ou ""Warrant"""
9985,Empregado Público / Temporário
3491,Emprego de Processo Proibido/Substância não permitida
3547,Emprego irregular de verbas ou rendas públicas
9580,Empreitada
7752,Empréstimo consignado
14,Empréstimos Compulsórios
5973,Energia Elétrica
10073,Energia Elétrica
7783,Engajamento e Profissionais Marítimos
10220,Enquadramento
10011,Enriquecimento ilícito
7694,Enriquecimento sem Causa
10051,Ensino Especial
10028,Ensino Fundamental e Médio
10028,Ensino Superior
9964,Entidades de atendimento
5914,Entidades Sem Fins Lucrativos
3473,Entrega de Filho Menor a Pessoa Inidônea
3491,Envenenamento de Água Potável / Substância Alimentícia ou Medicinal
3491,Epidemia
10421,Equilíbrio Financeiro
4839,Equivalência salarial
8960,Erro de Procedimento
9992,Erro Médico
10433,Erro Médico
10439,Erro Médico
10502,Erro Médico
10444,Esbulho / Turbação / Ameaça
3415,Esbulho possessório
6120,Escala de Salário-Base
10370,Escolaridade
10088,Espaço Aéreo
7681,Espécies de Contratos
7681,Espécies de Títulos de Crédito
7771,Estabelecimentos de Ensino
10220,Estabilidade
10325,Estabilidade
10613,Estado de Necessidade
5956,Estaduais
10220,Estágio Probatório
3415,Estelionato
3415,Estelionato Majorado
9580,Estimatório
6191,Estrangeiro
10613,Estrito Cumprimento do Dever Legal
3463,Estupro
3463,Estupro de vulnerável
5874,Evasão mediante violência contra a pessoa
6094,Ex-combatentes
10325,Ex-combatentes
10166,Exame da Ordem OAB
10370,Exame de Saúde e/ou Aptidão Física
10051,Exame Nacional de Ensino Médio / ENEM
10370,Exame Psicotécnico / Psiquiátrico
10051,Exame Supletivo
3547,Excesso de exação
4263,Excesso de prazo para instrução / julgamento
10620,Excludentes
6008,Exclusão - ICMS
6008,Exclusão - IPI
6008,Exclusão - Receitas Provenientes de Exportação
6008,Exclusão - Receitas Transferidas a outras Pessoas Jurídicas
10421,Execução Contratual
1209,Execução Penal
5874,Exercício arbitrário das próprias razões
5874,Exercício arbitrário ou abuso de poder
3445,Exercício de atividade com infração de decisão administrativa
10258,Exercício em Outro Município
3547,Exercício funcional ilegalmente antecipado ou prolongado
3491,Exercício Ilegal da Medicina Arte Dentária ou Farmacêutica
10166,Exercício Profissional
10029,Exigência de Estágio Profissionalizante
10370,Exigência de Prática Forense
10220,Exoneração
5999,Expedição de Certidão Positiva de Débito com Efeito de Negativa
5999,Expedição de CND
5874,Exploração de prestígio
3491,Explosão
3491,Explosão culposa
10015,Exportação/Vedações
3388,Exposição ou Abandono de Recém Nascido
9148,Expropriação de Bens
7752,Expurgos Inflacionários / Planos Econômicos
10136,Expurgos Inflacionários / Planos Econômicos
6138,Expurgos inflacionários sobre os benefícios
9148,Extinção da Execução
10620,Extinção da Punibilidade
5986,Extinção do Crédito Tributário
8938,Extinção do Processo Sem Resolução de Mérito
3415,Extorsão
3415,Extorsão indireta
3415,Extorsão mediante seqüestro
3415,Extorsão mediante Sequestro Seguida de Lesão Corporal Grave
3415,Extorsão mediante Seqüestro Seguida de Morte
4862,Extravio de bagagem
3547,Extravio sonegação ou inutilização de livro ou documento
3607,Fabricação de Objeto Destinado a Produção de Drogas e Condutas Afins
3491,Fabrico / Fornecimento / Aquisição / Posse ou Transporte de Explosivos ou Gás Tóxico ou Asfixiante
3692,Fabrico comércio ou detenção de arma branca ou munição
9060,Fac-símile
3547,Facilitação de contrabando ou descaminho
3523,Falsa identidade
1209,Falsidade
3523,Falsidade de atestado médico
3523,Falsidade ideológica
3523,Falsidade ideológica praticada por Funcionário Público
3523,Falsidade material de atestado ou certidão
3491,Falsificação / Corrupção / Adulteração / Alteração de produto destinado a fins terapêuticos ou medicinais
3491,Falsificação / Corrupção / Adulteração / Alteração de Substância ou Produtos Alimentícios
3523,Falsificação de documento particular
3523,Falsificação de documento público
3523,Falsificação de documento Público praticada por Funcionário Público
3523,Falsificação de papéis públicos
3523,Falsificação de Papéis Públicos Praticado por Funcionário Público
3523,Falsificação do selo ou sinal público
3523,Falsificação do Selo ou Sinal Público Praticado por Funcionário Público
3523,Falsificação do sinal empregado no contraste de metal precioso ou na fiscalização alfandegária ou para outros fins
3523,Falso reconhecimento de firma ou letra
5874,Falso testemunho ou falsa perícia
899,Família
287,Fato Atípico
5986,Fato Gerador/Incidência
9148,Fato Superveniente ao Término do Prazo para Impugnação
899,Fatos Jurídicos
10110,Fauna
3463,Favorecimento da Prostituição
3463,Favorecimento da prostituição ou outra forma de exploração sexual
3463,Favorecimento da prostituição ou outra forma de exploração sexual de vulnerável
5874,Favorecimento pessoal
5874,Favorecimento real
5956,Federais
10288,Férias
10337,Férias
6094,Ferroviário
6071,FGTS/Fundo de Garantia Por Tempo de Serviço
10157,FGTS/Fundo de Garantia por Tempo de Serviço
1209,Fiança
9580,Fiança
10403,Filiação
7771,Financiamento de Produto
10064,Financiamento do SUS
12511,Financiamento do SUS
3607,Financiamento ou Custeio de Produção ou Tráfico de Drogas
10029,Financiamento Privado da Educação e/ou Pesquisa
10029,Financiamento Público da Educação e/ou Pesquisa
6033,Finsocial
9997,Fiscalização
10110,Flora
6071,FNT/Fundo Nacional de Telecomunicações
8826,Formação Suspensão e Extinção do Processo
7771,Fornecimento de Água
7771,Fornecimento de Energia Elétrica
10073,Fornecimento de Gás
12481,Fornecimento de insumos
12486,Fornecimento de insumos
10064,Fornecimento de Medicamentos
6233,Fornecimento de medicamentos
12481,Fornecimento de medicamentos
12486,Fornecimento de medicamentos
10089,Foro / Laudêmio
10672,Fracionamento
12485,Fraldas
9580,Franquia
10672,Fraude / Quebra de ordem cronológica
9148,Fraude à Execução
3415,Fraude à execução
3523,Fraude de lei sobre estrangeiros
3415,Fraude na Entrega de Coisa
3415,Fraude no Comércio
3415,Fraude no Pagamento por Meio de Cheque
3415,Fraude para Recebimento de Indenização ou Valor de Seguro
5874,Fraude processual
3415,Fraudes e Abusos na Fundação ou Administração de Sociedade por Ações
10029,Freqüência às Aulas
3445,Frustração de direitos assegurados por lei trabalhista
3445,Frustração de lei sobre a nacionalização do trabalho
5874,Fuga de pessoa presa ou submetida a medida de segurança
9998,Funcionamento de Comércio de Derivados de Petróleo
6191,Funcionamento de Empresa Estrangeira
9998,Funcionamento de Estabelecimentos Empresariais
6071,FUNDAF/Fundo Especial de Desenvolvimento e Aperfeiçoamento das Atividades de Fiscalização
6071,FUNDEF/Fundo de Manutenção e Desenvolvimento do Ensino Fundamental e de Valorização do Magistério
10157,Fundo de Participação dos Municípios
9964,Fundos
6033,Funrural
3415,Furto
3415,Furto de coisa comum
3415,Furto de Veículo Automotor a ser Transportado para outro Estado ou Exterior
3415,Furto Privilegiado
3415,Furto Qualificado
6071,FUSEX/FUNSA/FUSMA/Fundo de Saúde das Forças Armadas
9985,Garantias Constitucionais
14,"GATT - ""Acordo Geral sobre Tarifas e Comércio"""
10064,Genética / Células Tronco
12480,Genética / Células Tronco
10258,Gestante / Adotante / Paternidade
10110,Gestão de Florestas Públicas
7694,Gestão de Negócios
10288,Gratificação de Incentivo
10288,Gratificação Incorporada / Quintos e Décimos / VPNI
6138,Gratificação Natalina a partir da CF/88 (Art. 201 § 6º CF/88)
6048,Gratificação Natalina/13º Salário
10288,Gratificação Natalina/13º salário
10288,Gratificações da Lei 8.112/1990
10288,Gratificações de Atividade
10337,Gratificações e Adicionais
3385,Grave
3385,Gravíssima
10385,Habilitação / Registro Cadastral / Julgamento / Homologação
6160,Habilitação e Reabilitação Profissional
6096,Híbrida (Art. 48/106)
10432,Hipoteca
7783,Hipoteca Marítima
3369,Homicídio Agravado pela Prática de Extermínio de Seres Humanos
3369,Homicídio Privilegiado
3369,Homicídio Qualificado
3369,Homicídio Simples
8874,Honorários Advocatícios
8874,Honorários Advocatícios em Execução Contra a Fazenda Pública
8874,Honorários Advocatícios em FGTS
8842,Honorários Periciais
6048,Hora Extra
10064,Hospitais e Outras Unidades de Saúde
5916,ICMS/ Imposto sobre Circulação de Mercadorias
5946,ICMS/Importação
6114,Idoso
5916,IE/ Imposto sobre Exportação
5916,II/ Imposto sobre Importação
10444,Imissão
10670,Imissão na Posse
10088,Imóvel Funcional
4264,Impedimento
8884,Impedimento
10363,Impedimento / Detenção / Prisão
3457,Impedimento ou Perturbação de Cerimônia Funerária
5872,Impedimento perturbação ou fraude de concorrência
5941,Importação de bens usados
10136,Importações
14,Impostos
9997,Improbidade Administrativa
7690,Imputação do Pagamento
12335,Imputação falsa de prática de infração penal ou revelação inverídica sobre estrutura de organização criminal
5913,Imunidade
9148,Imunidade de Execução
8828,Imunidade de Jurisdição
4291,Imunidade em razão de função ofício ou profissão
5914,Imunidade Recíproca
7681,Inadimplemento
6107,Incapacidade Laborativa Parcial
6107,Incapacidade Laborativa Permanente
6107,Incapacidade Laborativa Temporária
3491,Incêndio
3491,Incêndio culposo
10136,Incentivo
5986,Incentivos fiscais
5917,Incidência decorrente de Desligamento de Plano de Previdência Privada
5917,Incidência decorrente de Liquidação de Entidade de Previdência Privada
5917,Incidência sobre 1/3 de férias (art. 7º XVII da CF)
5917,Incidência sobre 13° Salário
5917,Incidência sobre Abono de Permanência
5948,Incidência sobre Ações de Companhias Abertas
5917,Incidência sobre Aplicações Financeiras
5933,Incidência sobre Aplicações Financeiras
5917,Incidência sobre Aposentadoria
5917,Incidência sobre Auxílio-condução
5917,Incidência sobre Auxílio-creche
5917,Incidência sobre Férias Compensadas
5917,Incidência sobre Função Comissionada
5917,Incidência sobre Hora Extra
5917,Incidência sobre Licença-Prêmio/Abono/Indenização
5933,Incidência sobre Lucro
5917,Incidência sobre Lucro Imobiliário
5917,Incidência sobre Participação nos Lucros
5917,Incidência sobre PDV
5917,Incidência sobre Proventos de Previdência Privada
3520,Incitação ao Crime
6160,Inclusão de Dependente
10288,Inclusão de Dependente
10337,Inclusão de Dependente
6127,Inclusão do 13º salário (gratificação natalina) no PBC
7779,Inclusão Indevida em Cadastro de Inadimplentes
1209,Inclusão/exclusão de Jurado
9192,Indenização do Prejuízo
9991,Indenização por Dano Ambiental
6220,Indenização por Dano Material
9991,Indenização por Dano Material
10431,Indenização por Dano Material
6220,Indenização por Dano Moral
9991,Indenização por Dano Moral
10431,Indenização por Dano Moral
6048,Indenização Trabalhista
10337,Indenizações Regulares
6012,Índice da Alíquota
10342,Índice da URP abril e maio/1988 DL 2.425/1988
10313,Índice da URV fev/1989
10313,Índice da URV Lei 8.880/1994
10342,Índice da URV Lei 8.880/1994
10313,Índice de 45 Lei 8.237/1991
6138,Índice de 402% da Lei 8.222/91
10313,Índice de 1087 Lei 10.192/2001
10313,Índice de 2886 Lei 8.622/1993 e 8.627/1993
10342,Índice de 2886% LL 8.622/1993 e 8.627/1993
10313,Índice de 4794 Lei 8.676/1993
10313,Índice de 8432 março/1990
10342,Índice de 8432% IPC março/1990
10313,Índice do IPC junho/1987
10342,Índice do IPC junho/1987
10912,Indisponibilidade / Seqüestro de Bens
10201,Indisponibilidade de Bens
10213,Indisponibilidade de Bens
3607,Indução Instigação ou Auxílio ao Uso de Drogas
10622,Indulto
10488,Industrial / Mercantil
3477,Induzimento a erro essencial e ocultação de impedimento
3415,Induzimento à Especulação
3488,Induzimento a Fuga Entrega Arbitrária ou Sonegação de Incapazes
3369,Induzimento Instigação ou Auxílio a Suicídio
9148,Inexequibilidade do Título / Inexigibilidade da Obrigação
10613,Inexigibilidade de Conduta Diversa
3369,Infanticídio
9997,Infração Administrativa
3491,Infração de Medida Sanitária Preventiva
9964,Infrações administrativas
10325,Ingresso e Concurso
10029,Ingresso no Curso Superior
3394,Injúria
9997,Inquérito / Processo / Recurso Administrativo
10370,Inscrição / Documentação
1146,Inscrição / Registro da Embarcação
5875,Inscrição de Despesas Não Empenhadas
3547,Inserção de dados falsos em sistema de informações
10015,Inspeção Fitossanitária
10015,Inspeção Sanitária de Origem Animal
10157,Instituições Financeiras
10022,Interdição
7790,Interdição Temporária de Direitos
10258,Interesse Particular
7793,Internação
11854,Internação Compulsória
12507,Internação compulsória
11854,Internação Involuntária
12507,Internação involuntária
11854,Internação Voluntária
12507,Internação voluntária
12481,Internação/Transferência Hospitalar
6220,Interpretação / Revisão de Contrato
5992,Interrupção
3491,Interrupção /perturbação de serviços telegráficos/telefônicos
8842,Intervenção de Terceiros
9985,Intervenção do Estado na Propriedade
9986,Intervenção em Estado / Município
9985,Intervenção no Domínio Econômico
11781,Intimação
8893,Intimação / Notificação
3415,Introdução ou abandono de animais em propriedade alheia
3491,Inundação / Perigo de Inundação
3491,Inundação culposa
5872,Inutilização de edital ou de sinal
10254,Invalidez Permanente
3412,Invasão de Dispositivo Informático
3445,Invasão de estabelecimento industrial comercial ou agrícola. Sabotagem
1209,Investigação Penal
3491,Invólucro ou recipiente com falsa indicação
5916,IOC/IOF Imposto sobre operações de crédito câmbio e seguro ou relativas a títulos ou valores mobiliários
5916,IPI/ Imposto sobre Produtos Industrializados
5916,IPMF - Imposto Provisório sobre Movimentação Financeira
5916,IPTU/ Imposto Predial e Territorial Urbano
5916,IPVA - Imposto Sobre Propriedade de Veículos Automotores
5916,IRPF/Imposto de Renda de Pessoa Física
5916,IRPJ/Imposto de Renda de Pessoa Jurídica
10288,Irredutibilidade de Vencimentos
1156,Irregularidade no atendimento
6120,IRSM de Fevereiro de 1994(3967%)
5913,Isenção
10337,Isonomia
10288,Isonomia/Equivalência Salarial
5916,ISS/ Imposto sobre Serviços
5916,ITBI - Imposto de Transmissão Intervivos de Bens Móveis e Imóveis
5916,ITCD - Imposto de Transmissão Causa Mortis
5916,ITR/ Imposto Territorial Rural
6071,IUEE/Imposto Único sobre Energia Elétrica
3692,Jogo de azar
3692,Jogo do bicho
9580,Jogo e Aposta
1156,Jogos / Sorteios / Promoções comerciais
9998,Jogos de Bingo e/ou Caça-níqueis
10219,Jornada de Trabalho
10029,Jubilamento de Aluno
10187,Juizados Especiais
1209,Jurisdição e Competência
8826,Jurisdição e Competência
9149,Juros
7691,Juros de Mora - Legais / Contratuais
10158,Juros Progressivos
5986,Juros/Correção Monetária
5986,Lançamento
3415,Latrocínio
6191,Laudo Arbitral Internacional
10613,Legítima Defesa
8942,Legitimidade para a Causa
10433,Lei de Imprensa
10439,Lei de Imprensa
12483,Leito de enfermaria / leito oncológico
287,Lesão Corporal
7717,Letra de Câmbio
6021,Levantamento de depósito
9148,Levantamento de Valor
3385,Leve
10158,Liberação de Conta
10163,Liberação de Conta
10174,Liberação de Depósitos de Instituição Liquidanda
6021,Liberação de mercadorias
6021,Liberação de Veículo Apreendido
10417,Liberação de Veículo Apreendido
3618,Liberação ou Descarte de OGM (Organismo Geneticamente Modificado)
1209,Liberdade Provisória
10187,Licença
10258,Licença Capacitação (Aperfeiçoamento Profissional)
10258,Licença por Acidente em Serviço
10337,Licença Prêmio
10258,Licença-Prêmio
9997,Licenças
10337,Licenças
10219,Licenças / Afastamentos
10337,Licenciamento
10363,Licenciamento / Exclusão
10417,Licenciamento de Veículo
9985,Licitações
9192,Liminar
10120,Limitação Administrativa
7790,Limitação de Fim de Semana
7699,Limitação de Juros
6120,Limitação do salário-de-benefício e da renda mensal inicial
14,Limitações ao Poder de Tributar
10370,Limite de Idade
6160,Limite Mínimo de Idade
10412,Limites do Objeto
10412,Limites dos Poderes de Investigação
8826,Liquidação / Cumprimento / Execução
10174,Liquidação extrajudicial
10672,Liquidação Parcelada
8842,Litigância de Má-Fé
8842,Litisconsórcio
7791,Livramento condicional
6197,Livre Trânsito MERCOSUL
5914,Livros / Jornais / Periódicos
10089,Locação / Permissão / Concessão / Autorização / Cessão de Uso
9580,Locação de Imóvel
9580,Locação de Móvel
10158,Localização de Contas
10220,Lotação
3692,Loteria não autorizada
9998,Loterias/Sorteio
10258,Luto
5875,Má-gestão praticada por Prefeitos e Vereadores
10186,Magistratura
9580,Mandato
6048,Mandato Eletivo/Lei 9.506/97
6138,Manutenção do Benefício pela equivalência salarial
12217,Manutenção ou financiamento do terrorismo
4654,Marca
12467,Mariana
6048,Massa Falida- Recolhimento
10051,Material Didático
10029,Matrícula
10051,Matrícula
3388,Maus Tratos
3463,Mediação para Servir a Lascívia de Outrem
3491,Medicamento em Desacordo com Receita Médica
1209,Medidas Assecuratórias
9964,Medidas de proteção
7942,Medidas de Segurança
9985,Meio Ambiente
10051,Mensalidade
10029,Mensalidades
12480,Mental
6203,Mercosul
10051,Merenda
10395,Metrológica
5933,Microempresa
9985,Militar
10110,Mineração
8826,Ministério Público
10186,Ministério Público
9986,Minorias Étnicas
10385,Modalidade / Limite / Dispensa / Inexigibilidade
8938,Modificação ou Alteração do Pedido
3547,Modificação ou alteração não autorizada de sistema de informações
10136,Moeda Estrangeira
3523,Moeda Falsa / Assimilados
9986,Moradia
5874,Motim de presos
6107,Movimentos Repetitivos/Tenossinovite/LER/DORT
10463,Multa
9148,Multa Cominatória / Astreintes
9148,Multa de 10%
10022,Multas e demais Sanções
10166,Multas e demais Sanções
10394,Multas e demais Sanções
5956,Municipais
9580,Mútuo
6191,Nacionalidade
5875,Não Cancelamento de Restos a Pagar
9986,Não Discriminação
12492,Não padronizado
10220,Nomeação
6191,Normas do Mercosul
10174,Normatizações
7717,Nota de Crédito Comercial
7717,Nota de Crédito Industrial
7717,Nota de Crédito Rural
6048,Nota Fiscal ou Fatura
7717,Nota Promissória
7690,Novação
4263,Nulidade
8893,Nulidade
8919,Nulidade - Ausência de Citação do Executado
8919,Nulidade - Ausência de Fundamentação de Decisão
8919,Nulidade - Ausência de Identificação de Advogado ou de Sociedade de Advogados
8919,Nulidade - Ausência de Intimação do Ministério Público
8919,Nulidade - Ausência de Nome das Partes
8919,Nulidade - Ausência de publicidade de decisão
8919,Nulidade - Citação Sem Observância das Prescrições Legais
8919,Nulidade - Execução Instaurada Antes de Condição ou Termo
8919,Nulidade - Impedimento
8919,Nulidade - Intimação Sem Observância das Prescrições Legais
8919,Nulidade - Não Observância da Reserva de Plenário
8919,Nulidade - Suspeição
8919,Nulidade - Título Extrajudicial Não Correspondente a Obrigação Certa Líquida e Exigível
8826,Objetos de cartas precatórias/de ordem
5978,Obrigação Acessória
9148,Obrigação de Entregar
9148,Obrigação de Fazer / Não Fazer
14,Obrigação Tributária
899,Obrigações
10097,Ocupação
10120,Ocupação Temporária
3607,Oferecimento de Drogas para Consumo Conjunto
1156,Oferta e Publicidade
5875,Oferta Pública ou Colocação de Títulos no Mercado
11781,Oitiva
3692,Omissão de cautela na guarda ou condução de animal
3692,Omissão de comunicação de crime
10029,Omissão de Entrega de Notas
3491,Omissão de Notificação de Doença
3388,Omissão de socorro
12484,Oncológico
11802,Operações Urbanas Consorciadas
9985,Orçamento
9985,Ordem Urbanística
5875,Ordenação de Despesa Não Autorizada
9985,Organização Político-administrativa / Administração Pública
9985,Organização Sindical
12217,Organização Terrorista
11920,Órgão Especial
8826,Órgãos Judiciários e Auxiliares da Justiça
3415,Outras fraudes
3491,Outras Substâncias Nocivas a Saúde Pública
4862,Overbooking
12492,Padronizado
6089,PAES/Parcelamento Especial
7690,Pagamento
10672,Pagamento
10421,Pagamento Atrasado / Correção Monetária
7690,Pagamento com Sub-rogação
7690,Pagamento em Consignação
7694,Pagamento Indevido
10622,Pagamento ou Parcelamento do Crédito Tributário
3445,Paralisação de trabalho de interesse coletivo
3445,Paralisação de trabalho seguida de violência ou perturbação da ordem
10672,Parcela Incontroversa
5987,Parcelamento
4271,Parcelamento de crédito tributário
11802,Parcelamento do Solo
3603,Parcelamento do solo urbano
6173,Parcelas de benefício não pagas
6120,Parcelas e índices de correção do salário-de-contribuição
9580,Parceria Agrícola e/ou pecuária
10186,Parlamentares
287,Parte Geral
8826,Partes e Procuradores
5914,Partidos Políticos
3484,Parto Suposto
6033,PASEP
4654,Patente
10110,Patrimônio Cultural
10088,Patrimônio Histórico / Tombamento
5874,Patrocínio infiel
5874,Patrocínio simultâneo ou tergiversação
3547,Peculato
3547,Peculato mediante erro de outrem
6094,Pecúlios (Art. 81/5)
195,Pedidos Genéricos Relativos aos Benefícios em Espécie
7942,Pena de Multa
7942,Pena Privativa de Liberdade
7942,Pena Restritiva de Direitos
10421,Penalidades
10029,Penalidades Disciplinares
10051,Penalidades Disciplinares
10432,Penhor
9148,Penhora / Depósito/ Avaliação
10219,Pensão
10324,Pensão
6094,Pensão por Morte (Art. 74/9)
6192,Perda
10642,Perda da Função Pública
10448,Perda da Propriedade
6160,Perda da qualidade de segurado
7790,Perda de Bens e Valores
10642,Perda de Bens e Valores
9964,Perda ou Modificação de Guarda
10622,Perdão
7691,Perdas e Danos
6021,Perdimento de Bens
4263,Perempção
287,Periclitação da Vida e da Saúde e Rixa
3388,Perigo de contágio de moléstia grave
3388,Perigo de Contágio Venéreo
3388,Perigo para a vida ou saúde de outrem
6160,Períodos de Carência
3692,Perturbação da tranquilidade
3692,Perturbação do trabalho ou do sossego alheios
3618,Pesca
9986,Pessoa Idosa
6191,Pessoa Jurídica Estrangeira
9986,Pessoas com deficiência
3523,Petrechos de Falsificação de Papéis Públicos
3523,Petrechos de Falsificação de Papéis Públicos por Funcionário Público
3523,Petrechos para falsificação de moeda
3523,Petrechos para falsificação de moeda por Funcionário Público
6033,PIS
6033,PIS - Importação
10157,PIS/PASEP
10288,Piso Salarial
10288,Plano de Classificação de Cargos
7771,Planos de Saúde
12482,Planos de saúde
10187,Plantão Judiciário
8884,Poderes Deveres e Responsabilidades do Juiz
9985,Política Agrícola
10136,Política de Preço Mínimo
9985,Política fundiária e da reforma agrária
10110,Poluição
3692,Porte de arma (branca)
10029,Pós-Graduação
10432,Posse
3607,Posse de Drogas para Consumo Pessoal
10220,Posse e Exercício
3463,Posse Sexual Mediante Fraude
11802,Posturas Municipais
10154,Poupança
3618,Prática de engenharia genética em célula germinal zigoto ou embrião humanos
5621,Praticagem
1156,Práticas Abusivas
8893,Prazo
9045,Prazo
5986,Prazo de Recolhimento
10370,Prazo de Validade
3397,Preconceituosa
10146,Preços Predatórios
10186,Prefeito
7681,Preferências e Privilégios Creditórios
12217,Preparação de ato terrorista
9045,Preparo / Deserção
5990,Prescrição
10622,Prescrição
3607,Prescrição Culposa de Drogas
7947,Prescrição e Decadência
6191,Prestação de Alimentos
10201,Prestação de Contas
10213,Prestação de Contas
5875,Prestação de Garantia Graciosa
9580,Prestação de Serviços
7790,Prestação de Serviços à Comunidade
7790,Prestação Pecuniária
3547,Prevaricação
9580,Previdência privada
10612,Princípio da Insignificância
5945,Princípio da Seletividade
9148,Prisão Civil
4263,Prisão Decorrente de Sentença Condenatória
1209,Prisão em flagrante
1209,Prisão Preventiva
1209,Prisão Temporária
10088,Privatização
3385,Privilegiada
10144,PROAGRO
14,Procedimentos Fiscais
10324,Processo Administrativo Disciplinar / Sindicância
10219,Processo Administrativo Disciplinar ou Sindicância
14,Processo Administrativo Fiscal
10187,Processo Disciplinar / Sindicância
10194,Processo Disciplinar / Sindicância
8826,Processo e Procedimento
8842,Procuração
6048,Produção Agropecuária
6220,Produto Impróprio
7771,Produto Impróprio
10110,Produtos Controlados / Perigosos
10395,Profissional
4654,Programa de Computador
10219,Programa de Desligamento Voluntário (PDV)
4839,Programas de Arrendamento Residencial PAR
7791,Progressão de Regime
7694,Promessa de Recompensa
10187,Promoção
10194,Promoção
10325,Promoção
10220,Promoção / Ascensão
12333,Promoção constituição financiamento ou integração de Organização Criminosa
10432,Propriedade
10448,Propriedade Intelectual / Industrial
10421,Prorrogação
10136,Proteção à Livre Concorrência
9986,Proteção da Intimidade e Sigilo de Dados
6191,Proteção Internacional a Direitos Humanos
7779,Protesto Indevido de Título
9060,Protocolo Integrado / Descentralizado
10370,Prova de Títulos
10925,Prova Ilícita
10370,Prova Objetiva
10370,Prova Oral
10370,Prova Prática-Sentença
10370,Prova Subjetiva
10029,Provão - Avaliação da Educação Superior
4263,Provas
8960,Provas
8990,Provas em geral
10250,Provisória
10359,Provisória
3692,Provocação de tumulto ou conduta inconveniente
12480,Pública
7617,Pulsos Excedentes
3520,Quadrilha ou Bando
7783,Quanto à Carga
7783,Quanto à Embarcação
6021,Quebra de Sigilo Bancário
10412,Quebra de Sigilo Bancário / Fiscal / Telefônico
10604,Quebra do Sigilo Bancário
10604,Quebra do Sigilo Fiscal
10604,Quebra do Sigilo Telefônico
4264,Quesitos
4271,Questão Prejudicial
,QUESTÕES DE ALTA COMPLEXIDADE GRANDE IMPACTO E REPERCUSSÃO
10166,Questões Funcionais
10187,Quinto Constitucional
4839,Quitação
10073,Radiodifusão
10220,Readaptação
6138,Reajustamento pelo IGP-DI
6138,Reajustamento pelo INPC
6138,Reajuste aplicado ao salário mínimo em setembro/94
6138,Reajuste conforme Portaria MPAS 714/1993
6233,Reajuste contratual
12486,Reajuste contratual
10313,Reajuste da Lei 8.270/1991
10064,Reajuste da Tabela do SUS
12511,Reajuste da tabela do SUS
6138,Reajuste de 147%
4839,Reajuste de Prestações
10324,Reajuste de Remuneração Soldo Proventos ou Pensão
6138,Reajuste pela Súmula 260 do TFR
10219,Reajustes de Remuneração Proventos ou Pensão
6119,Reajustes e Revisões Específicos
3397,Real
4368,Recebimento
10288,Recebimento de bolsa de estudos
3415,Receptação
3415,Receptação culposa
3415,Receptação Qualificada
10201,Recondução
10213,Recondução
10220,Recondução
1209,Recurso
8826,Recurso
10385,Recursos Administrativos
10110,Recursos Hídricos
10088,Recursos Minerais
3692,Recusa de dados sobre a própria identificação ou qualificação
12335,Recusa ou omissão de dados cadastrais registros documentos e informações
3603,Recusa retardamento ou omissão de dados técnicos indispensáveis à propositura de Ação Civil Pública
10220,Redistribuição
3400,Redução a condição análoga à de escravo
6107,Redução da Capacidade Auditiva
6048,Reembolso auxílio-creche
6089,REFIS/Programa de Recuperação Fiscal
10337,Reforma
10324,Regime
10219,Regime Estatutário
10621,Regime inicial
10140,Regime ou Certificado de Origem MERCOSUL
10220,Regime Previdenciário
14,Regimes Especiais de Tributação
12484,Registrado na ANVISA
1146,Registro / Cadastro do Armador
9998,Registro / Porte de arma de fogo
9998,Registro de Aeronave
9997,Registro de Direito Autoral
9998,Registro de Empresa
9997,Registro de Marcas Patentes ou Invenções
3484,Registro de Nascimento Inexistente
1209,Registro de Ocorrência pela PM
9997,Registro de Programa de Computador
9997,Registro de Trabalho Portuário/Órgão de Gestão de Mão-de-Obra
10166,Registro Profissional
10403,Registro Sindical
6160,"Regra de Transição para Aposentadoria - ""Pedágio"""
7791,Regressão de Regime
9045,Regularidade Formal
5874,Reingresso de estrangeiro expulso
10220,Reintegração
10325,Reintegração
10097,Reintegração de Posse
4368,Rejeição
7791,Remição
9148,Remição
7690,Remissão das Dívidas
10187,Remoção
10194,Remoção
10220,Remoção
10193,Remoção Compulsória
10187,Remuneração
10194,Remuneração
10201,Remuneração
10213,Remuneração
10174,Remuneração de Ativos Retidos
10337,Remuneração Mínima
6094,Renda Mensal Vitalícia
6160,Renúncia ao benefício
10954,Repasse de Duodécimos
10064,Repasse de Verbas do SUS
12511,Repasse de verbas do SUS
10954,Repasse de Verbas Públicas
5986,Repetição de indébito
3603,Representação caluniosa
9580,Representação comercial
8842,Representação em Juízo
3523,Reprodução ou adulteração de selo ou peça filatélica
10670,Requerimento de Apreensão de Veículo
10670,Requerimento de Reintegração de Posse
10120,Requisição de Bem Particular
9148,Requisição de Pequeno Valor - RPV
4949,Requisitos
10421,Rescisão
7691,Rescisão / Resolução
6220,Rescisão do contrato e devolução do dinheiro
10370,Reserva de Vagas
10370,Reserva de Vagas para Deficientes
10110,Reserva legal
10337,Reserva Remunerada
4805,Resgate de Contribuição
10187,Residência
10029,Residência Médica
5872,Resistência
11899,Resolução Conjunta
899,Responsabilidade Civil
10363,Responsabilidade Civil do Militar - Indenização ao Erário
10279,Responsabilidade Civil do Servidor Público / Indenização ao Erário
1146,Responsabilidade Contratual
3603,Responsabilidade Criminal por Danos Nucleares
9985,Responsabilidade da Administração
1146,Responsabilidade do Comandante ou Capitão
1156,Responsabilidade do Fornecedor
1146,Responsabilidade Extracontratual
9985,Responsabilidade Fiscal
9985,Responsabilidade fiscal
5978,Responsabilidade tributária
5979,Responsabilidade Tributária do Sócio-Gerente / Diretor / Representante
10064,Ressarcimento ao SUS
12511,Ressarcimento do SUS
6173,Restabelecimento
10250,Restabelecimento
10359,Restabelecimento
10120,Restituição de área
10102,Restituição de área - FUNAI
6203,Restituição de Criança Convenção de Haia 1980
5917,Retido na fonte
5933,Retido na fonte
10120,Retrocessão
12335,Revelação de identidade fotografia ou filmagem do colaborador
8960,Revelia
10220,Reversão
8826,Revisão de Tutela Antecipada
9192,Revisão de Tutela Antecipada Antecedente
4839,Revisão do Saldo Devedor
6149,Revisão do valor do benefício no primeiro reajuste após a concessão (Art. 21 § 3º da Lei 8.880/1994)
10288,Revisão Geral Anual (Mora do Executivo - inciso X art. 37 CF 1988)
10385,Revogação
10110,Revogação/Anulação de multa ambiental
10110,Revogação/Concessão de Licença Ambiental
3388,Rixa
6119,RMI - Renda Mensal Inicial
195,RMI - Renda Mensal Inicial Reajustes e Revisões Específicas
6120,RMI cuja salário-de-benefício supera menor valor teto
6120,RMI da pensão de dependente de ex-combatente
6120,RMI pela equivalência entre Salário-de-Benefício e Salário-de-Contribuição
6120,RMI pelo art. 1º da Lei 6.423/77 - índices de atualização dos 24 1ºs salários-de-contribuição anteriores aos 12 últimos)
6120,RMI pelo art. 202 CF/88 (média dos 36 últimos salários-de-contribuição)
6120,RMI sem incidência de Teto Limitador
3415,Roubo
3415,Roubo Majorado
3463,Rufianismo
10488,Rural - Agrícola/Pecuário
6096,Rural (Art. 48/51)
6138,Salário Mínimo de Ncz$ 12000 para junho/89
6033,Salário-Educação
10288,Salário-Família
6094,Salário-Família (Art. 65/70)
6048,Salário-Maternidade
6094,Salário-Maternidade (Art. 71/73)
10385,Sanções Administrativas
10110,Saneamento
10395,Sanitárias
3463,Satisfação de lascívia mediante presença de criança ou adolescente
10028,Saúde
10064,Saúde Mental
9633,Seção Cível
3385,Seguida de Morte
10015,Segurança e Medicina do Trabalho
10395,Segurança e/ou Medicina do Trabalho
11802,Segurança em Edificações
4839,Seguro
7771,Seguro
9580,Seguro
6033,Seguro Acidentes do Trabalho
6071,Seguro Apagão (Lei 10.438/02)
10157,Seguro desemprego
6094,Seguro-defeso ao pescado artesanal profissional
7783,Seguros Marítimos
12484,Sem registro na ANVISA
10672,Sequestro de Verbas Públicas
3400,Seqüestro e cárcere privado
10258,Serviço Militar
10325,Serviço Militar dos Profissionais da Saúde
10325,Serviço Militar Obrigatório
10073,Serviço Postal
9985,Serviços
1146,Serviços Auxiliares da Navegação
7771,Serviços Hospitalares
7771,Serviços Profissionais
10120,Servidão Administrativa
9985,Servidor Público Civil
6048,Servidores Ativos
6048,Servidores Inativos
3692,Servir bebidas alcóolicas a vulneráveis
6021,Sigilo Fiscal
3603,Sigilo Telefônico
6089,SIMPLES
3397,Simples
3477,Simulação de Autoridade para Celebração de Casamento
3477,Simulação de Casamento
3692,Simulação de Qualidade de Funcionário
9985,Sistema de proteção especial a vítimas e a testemunhas
9580,Sistema Financeiro da Habitação
9985,Sistema Nacional de Trânsito
10028,Sistema Nacional do Desporto
10219,Sistema Remuneratório e Benefícios
10324,Sistema Remuneratório e Benefícios
12481,Sistema Único de Saúde (SUS)
10029,Sistemas de cotas - Lei 10.558/2002
6138,Sistemática de conversão dos benefícios previdenciários em URVs
5872,Sonegação de contribuição previdenciária
5874,Sonegação de papel ou objeto de valor probatório
3484,Sonegação do Estado de Filiação
3407,Sonegação ou destruição de correspondência
10288,Subsídios
3491,Substância Destinada à Falsificação
8842,Substituição da Parte
10621,Substituição da Pena
6220,Substituição do Produto
5979,Substituição Tributária
10187,Substituição/Convocação em Tribunal
3488,Subtração de Incapazes
3491,Subtração ocultação ou inutilização de material de salvamento
5872,Subtração ou inutilização de livro ou documento
9148,Sucessão
8842,Sucessão Processual
8842,Sucumbência
6089,Super SIMPLES
12480,Suplementar
3523,Supressão de documento
3415,Supressão ou Alteração de Marca em Animais
4264,Suspeição
8884,Suspeição
4263,Suspensão
5992,Suspensão
10279,Suspensão
10363,Suspensão
10421,Suspensão
10620,Suspensão condicional da pena
5986,Suspensão da Exigibilidade
8938,Suspensão do Processo
4949,Sustação de Protesto
4839,Sustação/Alteração de Leilão
4839,Tabela Price
7752,Tarifas
5957,Taxa Anual por Hectare
5957,Taxa de Aferição de Equipamentos de Metrologia
5957,Taxa de Armazenamento
5972,Taxa de Coleta de Lixo
5957,Taxa de Despacho Aduaneiro
5957,Taxa de Exploração Mineral
5957,Taxa de Fiscalização Ambiental
5957,Taxa de Fiscalização da Comissão de Valores Mobiliários
5957,Taxa de Guia de Importação
5972,Taxa de Iluminação Pública
5957,Taxa de Licença de Importação
5972,Taxa de Licenciamento de Estabelecimento
5972,Taxa de Limpeza Pública
5957,Taxa de Melhoramento de Portos
10089,Taxa de Ocupação
10097,Taxa de Ocupação
10394,Taxa de Ocupação / Laudêmio / Foro
5957,Taxa de Permanência
5972,Taxa de Prevenção e Combate a Incêndio
5957,Taxa de Saúde Suplementar
5957,Taxa Judiciária
9149,Taxa SELIC
14,Taxas
5990,TDA/Títulos da Dívida Agrária
7771,Telefonia
10073,Telefonia
9060,Tempestividade
10219,Tempo de Serviço
10337,Tempo de Serviço
195,Tempo de serviço
6048,Tempo de Serviço Rural/Contribuições não Recolhidas
6048,Tempo de Serviço Urbano/Contribuições não Recolhidas
10064,Terceirização do SUS
12511,Terceirização do SUS
10421,Termo Aditivo
10089,Terras Devolutas
10088,Terras Indígenas
10102,Terreno Aldeado
10089,Terreno de Marinha
287,Terrorismo
10288,Teto Salarial
10620,Tipicidade
10182,Títulos da Dívida Agrária
10182,Títulos da Dívida Pública
7681,Títulos de Crédito
6197,Trabalhador Migrante ou Fronteiriço do MERCOSUL
3607,Tráfico de Drogas e Condutas Afins
5872,Tráfico de influência
5873,Tráfico de Influência em Transação Comercial Internacional
3607,Tráfico Ilícito de Drogas praticado por Funcionário Público
3463,Tráfico internacional de pessoa para fim de exploração sexual
3463,Tráfico Internacional de Pessoas
3463,Tráfico interno de pessoa para fim de exploração sexual
3463,Tráfico Interno de Pessoas
4263,Trancamento
10604,Trancamento
4263,Transação
9580,Transação
10051,Transferência
10220,Transferência
10029,Transferência de Estudante
4839,Transferência de Financiamento (contrato de gaveta)
7791,Transferência de Preso
10337,Transferência ex-officio para reserva
10337,Transferência para reserva
10110,Transgênicos
7681,Transmissão
10051,Transporte
7771,Transporte Aéreo
10073,Transporte Aéreo - Aeroporto
7771,Transporte Aquaviário
10073,Transporte Aquaviário
9580,Transporte de Coisas
9580,Transporte de Pessoas
7776,Transporte Ferroviário
7776,Transporte Rodoviário
7771,Transporte Terrestre
10073,Transporte Terrestre
6191,Tratado Internacional
7793,Tratamento Ambulatorial
10258,Tratamento da Própria Saúde
10064,Tratamento Médico-Hospitalar
6233,Tratamento médico-hospitalar
12481,Tratamento médico-hospitalar
12486,Tratamento médico-hospitalar
10064,Tratamento Médico-Hospitalar e/ou Fornecimento de Medicamentos
9580,Troca ou Permuta
7771,Turismo
9192,Tutela de Evidência
9192,Tutela de Urgência
8826,Tutela Provisória
3457,Ultraje / Impedimento ou Perturbação de Culto Religioso
3463,Ultraje Público ao Pudor (Ato/Escrito Obsceno)
12467,Unaí
10110,Unidade de Conservação da Natureza
12483,Unidade de terapia intensiva (UTI) / unidade de cuidados intensivos (UCI)
6233,Unidade de terapia intensiva (UTI) ou Unidade de cuidados intensivos (UCI)
11883,Unidade de terapia intensiva (UTI) ou unidade de cuidados intensivos (UCI)
6096,Urbana (Art. 48/51)
12501,Urgência
3491,Uso culposo de gás tóxico ou asfixiante
3523,Uso de documento falso
3491,Uso de gás tóxico ou asfixiante
3692,Uso ilegítimo de uniforme ou distintivo
10455,Usucapião da L 6.969/1981
10455,Usucapião Especial (Constitucional)
10455,Usucapião Especial Coletiva
10455,Usucapião Extraordinária
10455,Usucapião Ordinária
3415,Usurpação de águas
5872,Usurpação de função pública
10089,Utilização de bens públicos
6022,Utilização de Dados Relativos à CPMF para Fins de Fiscalização
3618,Utilização de Embrião Humano em Desacordo com a Legislação
6138,Utilização do PNS no Reajuste de Benefícios
8893,Valor da Causa
9148,Valor da Execução / Cálculo / Atualização
10502,Variação Cambial
10140,Veículo de Turista Comunitário MERCOSUL
10488,Veículos
10146,Venda Casada
3491,Venda de Produtos ou Substância nas Condições dos Artigos 274 e 275
1156,Vendas casadas
10214,Verba de Representação
10029,Vestibular
3692,Vias de fato
4264,Vício Formal do Julgamento
4839,Vícios de Construção
8960,Vícios Formais da Sentença
10064,Vigilância Sanitária e Epidemiológica
12481,Vigilância Sanitária e Epidemológica
3457,Vilipêndio a Cadáver
3457,Violação a Sepultura
10011,Violação aos Princípios Administrativos
3407,Violação de comunicação telegráfica radioelétrica ou telefônica
3407,Violação de correspondência
3407,Violação de Correspondência comercial
3442,Violação de direito autoral
3405,Violação de domicílio
3412,Violação do segredo profissional
3547,Violação do sigilo de proposta de concorrência
3547,Violação do sigilo funcional
10187,Violação Prerrogativa Advogado
3463,Violação sexual mediante fraude
3547,Violência arbitrária
287,Violência Doméstica Contra a Mulher
5874,Violência ou fraude em arrematação judicial
10120,Vistoria
10254,Voluntária
7717,Warrant
10110,Zona Costeira
10110,Zoneamento Ecológico e Econômico
